,answers,count
0,Yes,7.024557395773844
1,No,0.6472491909385114
