,answers,count
0,No,70.55016181229773
1,Yes,8.033504664001523
