,answers,count
0,Yes,5.425471159337522
1,No,0.799543118218161
