,answers,count
0,disagree,32.40053302874548
1,neither agree nor disagree,31.06796116504854
2,strongly disagree,18.846373500856654
3,agree,8.680753854940034
4,strongly agree,5.2922139729678275
