,answers,count
0,Yes,54.216638111555305
1,No,32.24823910146583
