,answers,count
0,Yes,79.11669522177803
1,No,12.98305730059014
