,answers,count
6,No,5.463544641157434
0,Apple Tracker (AirTag or other Find My Tracker),1.1993146773272416
3,Tile,0.7805063773082048
5,General GPS Tracker,0.6853226727584237
1,Samsung SmartTag,0.533028745478774
4,Chipolo,0.3616980772891681
7,Other,0.30458785455929943
2,Google Tracker (available late summer 2023),0.20940415000951837
