,answers,count
0,Yes,59.00497512437811
1,No,21.791044776119403
