,answers,count
0,No,76.50866171711404
1,Yes,19.131924614505998
