,answers,count
0,More than 1 year,45.57213930348259
1,1 month up to 1 year,37.41293532338308
2,Less than 1 month,11.940298507462686
