,answers,count
2,Additional security measures,66.3681592039801
0,Change of lifestyle,60.995024875621894
1,"Change of phone number, email address, etc",46.069651741293534
3,Change of residence,32.63681592039801
6,Filing a report at the police,32.039800995024876
5,Seeking help from a lawyer,20.398009950248756
4,Change of workplace,20.199004975124378
7,Other,17.611940298507463
