,answers,count
0,A few times (irregularly),36.318407960199
1,Daily,25.472636815920396
2,Several times a month,16.019900497512438
3,Several times a week,15.323383084577113
