,answers,count
0,No,50.161812297734635
1,Yes,36.778983438035404
