,answers,count
0,Male,69.75061869407956
1,Female,22.69179516466781
2,Divers,1.7133066818960592
3,Other,1.0470207500475919
