,answers,count
5,16-19,8.204835332191129
3,20-25,12.469065296021322
1,26-35,22.99638301922711
0,36-45,25.509232819341328
2,46-55,16.695221778031602
4,56-65,8.661717114030077
6,66-75,2.055968018275271
7,75+,0.3997715591090805
