,answers,count
0,slightly more safe,41.76660955644393
1,the same as before,28.840662478583667
2,much more safe,12.335808109651628
3,slightly less safe,1.0089472682276794
4,much less safe,0.34266133637921187
