,answers,count
4,Other,50.947867298578196
3,Car,28.672985781990523
0,Backpack or Purse,16.350710900473935
1,Clothing,7.345971563981042
2,Bike,4.502369668246446
