,answers,count
2,Government agencies,38.758804492670855
4,(Former) intimate partners,33.675994669712544
3,Companies,32.64801066057491
5,Other,32.05787169236627
0,My employer,15.115172282505235
1,Friends,13.497049305158956
