,answers,count
0,Male,58.40796019900497
1,Female,23.681592039800993
2,Divers,8.855721393034825
3,Other,0.5970149253731344
